Dims,NDCG,MAP,TOP1 Precision,TOP1 Recall,TOP1 F1,TOP3 Precision,TOP3 Recall,TOP3 F1,TOP5 Precision,TOP5 Recall,TOP5 F1
VBPR0,0.4348815988786115,0.26632275132275135,0.06666666666666667,0.0625,0.06451612903225808,0.1111111111111111,0.3125,0.1639344262295082,0.09333333333333334,0.4375,0.15384615384615383
VBPR1,0.47425305558601455,0.3167460317460317,0.13333333333333333,0.125,0.12903225806451615,0.1111111111111111,0.3125,0.1639344262295082,0.13333333333333333,0.625,0.21978021978021978
