Dims,NDCG,MAP,TOP1 Precision,TOP1 Recall,TOP1 F1,TOP3 Precision,TOP3 Recall,TOP3 F1,TOP5 Precision,TOP5 Recall,TOP5 F1
35,0.5086708176633048,0.3564814814814815,0.13333333333333333,0.125,0.12903225806451615,0.13333333333333333,0.375,0.19672131147540986,0.12,0.5625,0.19780219780219782
