Dims,NDCG,MAP,TOP1 Precision,TOP1 Recall,TOP1 F1,TOP3 Precision,TOP3 Recall,TOP3 F1,TOP5 Precision,TOP5 Recall,TOP5 F1
NRImg0,0.41758893740638553,0.2414285714285714,0.06666666666666667,0.0625,0.06451612903225808,0.044444444444444446,0.125,0.06557377049180328,0.09333333333333334,0.4375,0.15384615384615383
