Dims,NDCG,MAP,TOP1 Precision,TOP1 Recall,TOP1 F1,TOP3 Precision,TOP3 Recall,TOP3 F1,TOP5 Precision,TOP5 Recall,TOP5 F1
VBPR5,0.4725777520059495,0.30878306878306877,0.06666666666666667,0.0625,0.06451612903225808,0.17777777777777778,0.5,0.26229508196721313,0.12,0.5625,0.19780219780219782
