Dims,NDCG,MAP,TOP1 Precision,TOP1 Recall,TOP1 F1,TOP3 Precision,TOP3 Recall,TOP3 F1,TOP5 Precision,TOP5 Recall,TOP5 F1
Cold_User_y57_0,0.6057456548756175,0.5059836119046646,0.5333333333333333,0.17777777777777778,0.26666666666666666,0.4222222222222222,0.4222222222222222,0.4222222222222222,0.3333333333333333,0.5555555555555556,0.4166666666666667
